{
    "dji fc350 2048 1536 brown 0.5555": {
        "projection_type": "brown",
        "width": 2048,
        "height": 1536,
        "focal_x": 0.5609667189481331,
        "focal_y": 0.5609667189481331,
        "c_x": 0.0031572686573856827,
        "c_y": 0.001923372342816757,
        "k1": -0.11403411451857211,
        "k2": 0.09126177538900086,
        "p1": -0.00020318045932448813,
        "p2": -0.00016896058216489643,
        "k3": -0.009187496182426902
    }
}